Product,UOM,CO2-eq kg
[sulfonyl]urea-compound,kg,11.66570369674816
[thio]carbamate-compound,kg,10.359657231018629
"1,1-difluoroethane, HFC-152a",kg,6.5004680946469779
"1,1-dimethylcyclopentane",kg,0.75599911469072256
1-pentanol,kg,4.1587155846002277
"2,3-dimethylbutan",kg,1.211695573679439
"2,4-dichlorophenol",kg,4.4721019643391129
2-cyclopentone,kg,20.783209814526824
2-methyl-2-butanol,kg,3.7187363060108729
2-methylpentane,kg,1.0013837727275499
3-methyl-1-butyl acetate,kg,4.3263331431567122
"absorption chiller, 100kW",unit,24066.715207840134
acetaldehyde,kg,1.8546668331401326
"acetamide-anillide-compound, unspecified",kg,15.489385270393688
acetanilide,kg,5.9866680243875132
acetoacetic acid,kg,10.094365139165832
acetone cyanohydrin,kg,4.4786195797564652
"acetone, liquid",kg,1.983344815411914
aclonifen,kg,6.1885933612249229
acrolein,kg,2.787565274979285
acrylic acid,kg,1.8258938674271064
"acrylic varnish, without water, in 87.5% solution state",kg,2.0775513149916667
activated silica,kg,1.3321613693610144
adhesive mortar,kg,1.1256386003774765
"adhesive, for metal",kg,3.0858344997237515
"agricultural machinery, unspecified",kg,5.2480838080454166
"air compressor, screw-type compressor, 300kW",unit,10672.627014748239
"air compressor, screw-type compressor, 4kW",unit,862.89911290741156
"air filter, central unit, 600 m3/h",unit,2.3707547966528093
"air filter, decentralized unit, 250 m3/h",unit,0.32230691513756859
"air input/output unit, heat and power co-generation unit, 160kW electrical",unit,4634.4920345007667
air separation facility,unit,941697.37614963239
airport,unit,17088007245.392036
"alfalfa-grass mixture, Swiss integrated production",kg,0.13402039080231454
alfalfa-grass silage,kg,0.40235348300020579
"alkyd paint, white, without solvent, in 60% solution state",kg,6.4670566265497333
"alkyd paint, white, without water, in 60% solution state",kg,6.1938318866615063
"alkylbenzene, linear",kg,1.8154232396987267
allyl chloride,kg,1.068685133464383
alpha-naphthol,kg,2.7851104457046136
alpha-picoline,kg,4.0498435988723358
"aluminium alloy, AlMg3",kg,6.1047237217666304
"aluminium alloy, metal matrix composite",kg,13.621332995685332
aluminium casting facility,unit,11934221.133025248
aluminium electrolysis facility,unit,21751719.752290267
aluminium hydroxide factory,unit,24795450.921856221
aluminium oxide,kg,2.0789081123114541
aluminium oxide factory,unit,3334865.1470949217
"aluminium removed by drilling, conventional",kg,10.497458365064894
"aluminium removed by milling, dressing",kg,13.470901667005151
"aluminium removed by turning, average, computer numerical controlled",kg,16.50179165907095
"aluminium removed by turning, average, conventional",kg,12.239092667966043
"aluminium removed by turning, primarily dressing, conventional",kg,9.5931471599680282
"aluminium scrap, new",kg,4.1050292917978203E-2
"aluminium scrap, post-consumer",kg,3.5053357988961961E-2
"aluminium sulfate, powder",kg,0.74729955033740159
"aluminium sulfate, without water, in 4.33% aluminium solution state",kg,0.52308635903866241
"aluminium, cast alloy",kg,5.4163075326074974
"aluminium, primary, ingot",kg,15.676905952133225
"ammonia, liquid",kg,2.5546942449006873
ammonium carbonate,kg,1.5108171383905036
ammonium chloride,kg,1.52999566609894
ammonium nitrite,kg,3.7579636234537905
"anaerobic digestion plant, agriculture, with methane recovery",unit,108799.11235278517
anhydrite,kg,5.2702561062833157E-2
aniline,kg,5.2064136933817089
anionic resin,kg,2.852308975281773
anode factory,unit,13064340.913852643
anode refinery,unit,22398021.015007984
"anode slime, silver and tellurium containing stockpiling",kg,1.2652468688968568
"anti-reflex-coating, etching, solar glass",m2,1.9594483271335539
"application of plant protection product, by field sprayer",ha,12.354896126634912
apricot,kg,0.26596667564823095
"argon, liquid",kg,2.3830910808576782
"asbestos, crysotile type",kg,7.8741974518337324E-2
"asparagus seedling, for planting",unit,1.5958840379256409E-2
"assembly of generator and motor, auxilliaries and energy use, for mini CHP plant",unit,256.7363492527013
autoclaved aerated concrete block,kg,0.36501951755400813
"bagasse, from sugarcane",kg,4.4755772380403847E-2
"bagasse, from sweet sorghum",kg,1.6267261159157508E-2
bale loading,unit,0.49443236455971051
banana,kg,0.38440472698177308
barge tanker,unit,1048237.641918639
barite,kg,8.7610063947937689E-2
barium carbonate,kg,2.4356311176482812
barium hydroxide,kg,4.750051259186578
barium oxide,kg,3.6136488758779812
bark,kg,9.8780315216381656E-3
"bark chips, wet, measured as dry mass",kg,3.855879458684093E-2
barley grain,kg,0.7536254467592467
"barley grain, feed",kg,0.56827047465490999
"barley grain, feed, organic",kg,0.36527875337239363
"barley grain, Swiss integrated production",kg,0.33618966424434682
"barley seed, for sowing",kg,0.55532177563109686
"barley seed, Swiss integrated production, for sowing",kg,0.59487641781466183
base plaster,kg,0.2311048454653768
basic oxygen furnace waste,kg,0.27732728140860297
"battery, Li-ion, rechargeable, prismatic",kg,8.0690305242995706
bauxite,kg,4.3787842666917487E-2
"beet seed, Swiss integrated production, for sowing",kg,2.1486051775552668
bentonite quarry infrastructure,unit,121378342.08326998
benzaldehyde-2-sulfonic acid,kg,11.891557965214444
benzene,kg,1.7240624075746336
benzimidazole-compound,kg,9.1153972725559615
beverage carton converting,m2,8.1419772403242233E-2
bilge oil,kg,2.5243484955405919
biogas,m3,0.69489070861844271
"bisphenol A, powder",kg,3.3221397736472111
"bitumen adhesive compound, cold",kg,0.44367940131009526
bitumen seal,kg,0.95224607604272926
"bitumen seal, Alu80",kg,2.2035573120203642
"bitumen seal, polymer EP4 flame retardant",kg,1.0589308125129153
blast furnace,unit,68109943.325698093
blast furnace slag,kg,3.1623094281415147E-3
blister-copper conversion facility,unit,7608840.7647412336
"blower and heat exchange unit, decentralized, 180-250 m3/h",unit,298.31012337490256
"blower and heat exchange unit, KWL 250",unit,210.61705720709992
"blower and heat exchange unit, Twl-700",unit,983.70181528084004
"borax, anhydrous, powder",kg,1.3496420473472095
"borehole heat exchanger, 150m",unit,3300.8848232636119
"boric acid, anhydrous, powder",kg,0.87870965090741482
boric oxide,kg,2.8124523497416973
boron carbide,kg,17.825538396781443
boron trifluoride,kg,2.6779553214398812
"brake wear emissions, passenger car",kg,0
brass,kg,3.7602889305355829
"brass removed by drilling, computer numerical controlled",kg,5.788326628488293
"brass removed by drilling, conventional",kg,7.2336876881339736
"brass removed by turning, average, computer numerical controlled",kg,6.0823848954809865
"brass removed by turning, average, conventional",kg,6.1052864024489626
"brazing solder, cadmium free",kg,4.9550000354808175
bromopropane,kg,5.9222906534378081
bronze,kg,5.4186206716955736
building machine,unit,30496.502314844689
"building, hall",m2,352.77800642649993
"building, multi-storey",m3,218.18199190777446
burnt shale,kg,0.33400444551998104
bus,unit,32859.513751027822
butadiene,kg,1.052430045194259
butane,kg,0.8563053655920525
"butane-1,4-diol",kg,5.3109229078912703
"butene, mixed",kg,1.9670227375297331
"butter, from cow milk",kg,10.129722825802542
butyrolactone,kg,5.5135651276821198
cabbage white,kg,0.41689541786089973
cable yarding,hour,58.856053163874996
"cable, connector for computer, without plugs",m,0.48388184479301466
"cable, data cable in infrastructure",m,0.24729723240298798
"cadmium sulfide, semiconductor-grade",kg,5.1280946143896662
calcareous marl,kg,6.9344183958369157E-3
calcium borates,kg,0.17655469519507605
"calcium carbide, technical grade",kg,5.7387145097034233
calcium nitrate,kg,3.8912425699345885
"capacitor, electrolyte type, < 2cm height",kg,49.848772270314434
"capacitor, film type, for through-hole mounting",kg,75.064985642039616
"capacitor, for surface-mounting",kg,84.874424802356444
"capacitor, tantalum-, for through-hole mounting",kg,231.31931789685191
carbon black,kg,2.2582126371662157
"carbon dioxide, liquid",kg,0.79933503253993532
carbon monoxide,kg,1.9675784080067809
carbon tetrachloride,kg,1.8234391594101531
"carboxymethyl cellulose, powder",kg,4.1269155875599024
carrot,kg,0.25465639230104914
"carrot seed, for sowing",kg,2.0350525423794981
"carrot seed, Swiss integrated production, at farm",kg,2.3574246737588167
"carton board box production, with offset printing",kg,0.48066218036949421
"cast iron removed by drilling, computer numerical controlled",kg,4.6262091340162836
"cast iron removed by milling, average",kg,3.5979450848550707
"cast iron removed by milling, small parts",kg,3.9797323096042971
"cast iron removed by turning, average, computer numerical controlled",kg,5.0430832029481492
"cast iron removed by turning, average, conventional",kg,3.8872533968170098
"cast iron removed by turning, primarily dressing, computer numerical controlled",kg,5.1096450818844747
"casting, bronze",kg,6.8366202237242255E-2
"casting, steel, lost-wax",kg,30.927134113776727
"catalytic converter, oxidation, 20 litre",unit,938.72330456901068
"catalytic converter, selective catalytic reduction, 200 litre",unit,2589.2050229735855
"cathode, for aluminium electrolysis",kg,2.245911925041618
"cathode, LiMn2O4, for lithium-ion battery",kg,9.5255489999916456
"cathode-ray tube, cathode ray tube display",kg,5.5545413313651553
cationic resin,kg,1.6388908464625171
"cattle for slaughtering, live weight",kg,14.643652475816893
cauliflower,kg,0.61740826051166398
celery,kg,0.50926214296352179
"cellulose fibre, inclusive blowing in",kg,0.66823828986191569
cement mortar,kg,0.27981450235525951
cement tile,kg,0.24664288591551434
"cement, blast furnace slag 18-30% and 18-30% other alternative constituents",kg,0.43297243376492406
"cement, blast furnace slag 25-70%, US only",kg,0.54477558939857174
"cement, blast furnace slag 31-50% and 31-50% other alternative constituents",kg,0.51404804616377064
"cement, blast furnace slag 5-25%, US only",kg,1.035568237060531
"cement, blast furnace slag 81-95%, non-US",kg,0.24950691257510707
"cement, pozzolana and fly ash 36-55%,non-US",kg,0.46181261925819184
ceramic factory,unit,15256645.73088426
ceramic tile,kg,0.87739706257407535
"cerium concentrate, 60% cerium oxide",kg,5.260536562732729
"cheese, from cow milk, fresh, unripened",kg,17.584910306224625
chemi-thermomechanical pulp,kg,2.0875976705546879
chimney,m,14.660659249857872
"chipper, mobile, diesel",unit,242185.74362925292
"chipper, stationary, electric",unit,7297.7716902775301
chlorine dioxide,kg,6.2827133621516387
"chlorine, gaseous",kg,0.83979279490921332
"chlorine, liquid",kg,1.0294617192169631
chloroacetyl chloride,kg,3.6466439691878842
chloronitrobenzene,kg,5.1756896867937687
chlorosulfonic acid,kg,0.8072834110567938
chlorotoluron,kg,6.5524859907833832
chromite ore concentrate,kg,4.2249451553435326E-2
chromium,kg,32.147698551232608
"chromium steel removed by milling, average",kg,8.3573971962201767
"chromium steel removed by milling, dressing",kg,13.499456049054187
"chromium steel removed by turning, average, conventional",kg,5.6196264089979824
"chromium steel removed by turning, primarily dressing, conventional",kg,6.6548800690107948
clay brick,kg,0.32713109634667698
clay plaster,kg,9.731460604978083E-2
"cleft timber, measured as dry mass",kg,4.3206999734679764E-2
"clover seed, Swiss integrated production, for sowing",kg,1.2310062859813895
coal gas,MJ,5.1602805989814045E-2
coal slurry,kg,0
"coal stove, 5-15kW",unit,844.91585334664455
coal tar,kg,0.65822000841737516
coating from waste cathode ray tube display,kg,2.8223090981834047E-2
coating powder,kg,6.8295979247099927
"coating, with melamine impregnated paper",m2,1.7782880426687913
cobalt,kg,12.459028774903933
cocamide diethanolamine,kg,5.6477079559410086
"coconut, dehusked",kg,1.1373093043205409
"coffee, green bean",kg,6.0238323822398083
coke,MJ,2.6213050940140387E-2
"collector field area, solar thermal parabolic trough, 50 MW",unit,72144145.436600238
"collector field area, solar tower power plant, 20 MW",unit,21751053.088498108
combine harvesting,ha,133.01268133332596
"composting facility, open",unit,949725.45605853118
"compressed air, 1000 kPa gauge",m3,0.25962334202447285
"compressed air, 600 kPa gauge",m3,0.13653954610997482
"compressed air, 700 kPa gauge",m3,0.10833454220714528
"compressed air, 800 kPa gauge",m3,0.20791289239107136
"computer, desktop, without screen",unit,189.80758040000319
"concentrated solar power plant, solar tower, 20 MW",unit,48426938.190638877
concrete block,kg,7.814179088969711E-2
concrete roof tile,kg,0.30984999685837272
"concrete, 25MPa",m3,186.41573197228723
"concrete, 30-32MPa",m3,375.18744483725743
"concrete, high exacting requirements",m3,215.28317401959396
condensate from light oil boiler,m3,0.28793353712691322
"construction work, heat and power co-generation unit, 160kW electrical",unit,4987.5328628231009
"containerboard, fluting medium",kg,0.50157962335940054
"contouring, brass",kg,0.51806296860493106
"contouring, bronze",kg,0.38224362532785211
"control cabinet, heat and power co-generation unit, 160kW electrical",unit,14334.639757018698
"converter, for electric passenger car",kg,34.364971753852629
conveyor belt,m,1509.9471447737035
cooling energy,MJ,0.11672930647820458
"copper concentrate, sulfide ore",kg,0.62276545612626566
"copper, blister-copper",kg,4.3402330897917798
"copper, from solvent-extraction electro-winning",kg,5.6430872570575143
core board,kg,1.5853629708338823
"cork, raw",kg,5.1913600467226761E-2
corrugated board box,kg,0.73509902312934416
cottonseed meal,kg,0.47256225818277536
"cottonseed oil, refined",kg,1.7646203820115167
cow milk,kg,1.6869425577478832
"cream, from cow milk",kg,3.1963525968175435
cryolite,kg,2.7208369790967373
cumene,kg,2.3314865143147081
cyclic N-compound,kg,18.233170636831755
cyclohexane,kg,2.5762503166410498
cyclohexanone,kg,5.3386864637084166
dairy,m3,294.90767216836088
decabromodiphenyl ether,kg,10.975084838266739
decarbonising waste,kg,9.5896182555711418E-3
"decommissioned airport infrastructure, contaminated gravel",unit,3117954.2004218949
decommissioned chemical production facilities,kg,9.2113059657369892E-2
decommissioned tram track,m*year,5.0232798892358508
"deep drawing, steel, 10000 kN press, automode",kg,0.47289709854419992
"deep drawing, steel, 38000 kN press, automode",kg,0.37203983836335747
"deep drawing, steel, 38000 kN press, single stroke",kg,0.71167342140665957
deep well closure,m,1.7932851474094762
"deep well, drilled, for geothermal power",m,4481.9620540837968
"deep well, for geothermal power, onshore, 6000m",m,1288.1989530346107
"degreasing, metal part in alkaline bath",m2,2.1843267095585098E-2
"deinked pulp, wet lap",kg,0.366078416846009
diazole-compound,kg,16.936211952307506
diborane,kg,22.286857893823683
dichloromethane,kg,2.6096867306678724
dicyclopentadiene based unsaturated polyester resin,kg,2.9093880883739729
"diesel, burned in building machine",MJ,8.4386889662347211E-2
"diesel, burned in diesel-electric generating set, 18.5kW",MJ,0.26763893534055938
"diesel, burned in fishing vessel",MJ,8.6862323054547663E-2
"diesel-electric generating set, 10MW",unit,515641.95243015577
dimethyl ether,kg,1.0381584362575842
dimethyl hexanediol,kg,5.1335824480591405
dimethyl malonate,kg,6.1463313198596898
dimethyl sulfate,kg,1.4051429724552496
dimethyl sulfide,kg,1.5151262777883696
dimethylacetamide,kg,3.3663941558876513
dimethylamine,kg,2.4950986746806949
dimethyldichlorosilane,kg,4.7567667212745661
"diode, auxilliaries and energy use",kg,334.77914574380679
dioxane,kg,4.1068787398530455
"disk drive, CD/DVD, ROM, for laptop computer",unit,5.2111211108124742
"display, cathode ray tube, 17 inches",unit,292.12839417658614
Distiller's Dried Grains with Solubles,kg,3.3979005204076575E-2
dithiocarbamate-compound,kg,6.7369084745862562
dodecanol,kg,3.3909711642569058
"door, inner, glass-wood",m2,74.319607443891385
"door, inner, wood",m2,65.451490227508529
"drawing of pipe, steel",kg,0.39351970391484264
"dried roughage store, non ventilated",m3,50.235461611695058
drying of maize grain,l,0.64675034842725543
dung slab,m2,123.68260346367626
"dust collector, electrostatic precipitator, for domestic use",unit,60.03274980507247
"dust collector, electrostatic precipitator, for industrial use",unit,7219.3507526900157
"dust collector, multicyclone",unit,5667.3332638251277
"dust, alloyed electric arc furnace steel",kg,0.40817450712212183
"dust, unalloyed electric arc furnace steel",kg,1.0418944309949791E-2
electric bicycle,unit,161.47759451111915
"electric connector, peripheral type buss",kg,6.9513299482655206
"electric parts, heat and power co-generation unit, 160kW electrical",unit,10101.22200441034
"electric scooter, without battery",kg,7.7709778188430354
"electricity, for reuse in municipal waste incineration only",kWh,4.2920769506921689E-4
"electricity, low voltage",kWh,0.68008360415104874
"electrode, negative, Ni",kg,11.315030543696249
"electrode, positive, LaNi5",kg,30.548828155218455
"electron gun, for cathode ray tube display",kg,7.7100906540086553
"electronic component machinery, unspecified",unit,23855.554534434388
"electronic component, active, unspecified",kg,782.04795331693776
"electronic component, passive, unspecified",kg,68.605918613731589
electrostatic paint,kg,3.3595909129029224
"enriched uranium, 4.2%",kg,4139.4670038451995
enzymes,kg,7.3438535093211028
establishing orchard,unit,0.81458720738515156
esters of versatic acid,kg,2.9756669995157106
"ethanol, without water, in 95% solution state, from fermentation",kg,1.1677026426142587
ethoxylated alcohol (AE3),kg,3.1067873748863168
ethyl benzene,kg,2.7767446914220333
ethyl tert-butyl ether,kg,1.9590553175211731
ethylamine,kg,3.4286085236309587
ethylene carbonate,kg,1.3302876247364277
ethylene dichloride,kg,1.2589789991665343
ethylene glycol diethyl ether,kg,4.0588081272481817
ethylene glycol dimethyl ether,kg,2.0842976801238473
ethylene glycol monoethyl ether,kg,1.7150255193704216
ethylene vinyl acetate copolymer,kg,2.4451902843719111
"ethylene, average",kg,1.3531766492231612
"ethylvinylacetate, foil",kg,2.2327870025247636
EUR-flat pallet,unit,7.2162505829888435
evacuated tube collector,m2,91.447736837497928
evaporation of milk,kg,2.261866152100369E-2
"exhaust air valve, in-wall housing, plastic/steel, DN 125",unit,2.4646556738474867
expanded perlite,kg,1.3492576413462336
"expansion vessel, 25l",unit,22.386979529838605
"extrusion, co-extrusion",kg,0.54472489252552692
"extrusion, plastic film",kg,0.64672276583309751
"extrusion, plastic pipes",kg,0.48566781278849402
fatty acid,kg,3.4791563441077167
fatty alcohol sulfate,kg,2.9611514217340513
"fava bean seed, for sowing",kg,0.75148587843973902
"fava bean seed, organic, for sowing",kg,0.62835116498094101
"fava bean, Swiss integrated production",kg,0.64136385806896279
feldspar,kg,4.7637232106727989E-2
"ferromanganese, high-coal, 74.5% Mn",kg,1.0135367492947014
ferrosilicon,kg,7.3338804526374108
fibre cement corrugated slab,kg,0.6835815575142733
"fibre cement facing tile, small format",kg,1.0375217247769983
"fibreboard, hard",m3,996.38125020379209
"fibreboard, soft",m3,139.21455013886802
"fibreboard, soft, latex bonded",m3,314.33654353710557
"fibreboard, soft, without adhesives",m3,218.58685684344397
filter dust from Al electrolysis,kg,0.3432499431876625
"fish canning, large fish",kg,4.4951923349578813
"fish curing, small fish",kg,8.7100135195763286
fish freezing plant,unit,43.836881988788242
fish residues,kg,6.2556936930564216E-2
fishmeal plant,unit,4.598261623543161
"fishmeal, 63-65% protein, from anchovy",kg,1.01555937062706
"flat glass, uncoated",kg,1.0867067062295983
"flexible duct, aluminium/PET, DN of 125",m,1.17286121802298
floating collar cage,m,1228.484072498052
floating hexagonal metal cage,m,536.33186709314839
"fluorescent whitening agent, DAS1, triazinylaminostilben type",kg,9.6187387557358814
"fluorine, liquid",kg,12.160087366408723
"fluorspar, 97% purity",kg,0.21342475970837257
"fluosilicic acid, without water, in 22% solution state",kg,2.724949295442689
"flux, for wave soldering",kg,3.291481586865606
fly ash and scrubber sludge,kg,3.1615747647892301
foam glass,kg,1.9587111592692683
foam glass factory,unit,29446561.454115096
"foam glass, electricity, label-certified",kg,0.62568964701691321
"fodder beet, Swiss integrated production",kg,3.9859945006405495E-2
formaldehyde,kg,1.0089264163131069
formic acid,kg,2.3267888968238024
forwarder,unit,76415.983720247808
"forwarding, forwarder",hour,52.066403719411376
fraction 1 from naphtha separation,kg,1.2499886772860864
fraction 7 from naphtha separation,kg,1.1382554146011787
"freight ship, transoceanic",unit,13845331.053411635
"funnel glass, for cathode ray tube display",kg,1.2653120158654687
"furnace, logs, average storage area, 100kW",unit,2929.0650451716474
"furnace, logs, average storage area, 30kW",unit,2044.2953362931198
"furnace, logs, softwood storage area, 100kW",unit,3105.9019550747175
"furnace, logs, softwood storage area, 6kW",unit,454.04176036280893
"furnace, pellet, 15kW",unit,3279.6866835587693
"furnace, pellets, 25kW",unit,1642.238071000696
"furnace, wood chips, hardwood storage area, 300kW",unit,22179.025216368063
"furnace, wood chips, hardwood storage area, 50kW",unit,11673.205652206616
"furnace, wood chips, softwood storage area, 300kW",unit,22185.102443287618
"furnace, wood chips, softwood storage area, 50kW",unit,13531.894233723009
"furnace, wood chips, with silo, 1000kW",unit,62407.380007805783
"furnace, wood chips, with silo, 300kW",unit,19516.348928674117
"furnace, wood chips, with silo, 5000kW",unit,173272.86898002072
"furnace, wood chips, with silo, 50kW",unit,4991.7218635777126
"gallium, semiconductor-grade",kg,111.86306787338265
"garage, wood, non-insulated, fire-protected",m2,250.1820492286368
"gas power plant, 300MW electrical",unit,18286913.200049445
"generator, 200kW electrical",unit,3784.6961774359902
"geothermal power plant, 5.5MWel",unit,139124591.42673969
"glass cullet, for Saint-Gobain ISOVER SA",kg,1.356638684823192E-2
"glass cullet, from fluorescent lamps treatment",kg,3.4672314503614396E-2
glass etching factory,unit,491709.25775199768
"glass fibre reinforced plastic, polyamide, injection moulded",kg,7.7373815849200689
glass from used cathode ray tube,kg,7.4722934883847403E-2
"glass tube, borosilicate",kg,2.478248268840181
glass wool mat,kg,3.2921774258146428
"glazing, double, U<1.1 W/m2K",m2,30.350904109234818
"glazing, double, U<1.1 W/m2K, laminated safety glass",m2,48.754976341029682
"glazing, triple, U<0.5 W/m2K",m2,69.285523837006039
"glider, for electric scooter",kg,5.2307399012035187
"glider, passenger car",kg,5.2922299586371189
glucose,kg,1.5749331188963314
"glued laminated timber, for indoor use",m3,275.22298329087579
"glued laminated timber, for outdoor use",m3,250.02415862513803
glycine,kg,5.4933317531945542
glyoxal,kg,2.5351730737138252
"gold-silver, ingot",kg,1490.580796263007
grape,kg,0.2882566779882047
"graphic paper, 100% recycled",kg,1.1574966604047481
"grass silage, organic",kg,0.1050594846857842
"grass silage, Swiss integrated production",kg,0.16447246788942094
"gravel, crushed",kg,1.1524687294697638E-2
"gravel, round",kg,7.2028711553057132E-3
gravel/sand quarry infrastructure,unit,3221628.5539618488
green asparagus,kg,0.98642378809395281
green liquor dregs,kg,0.37864573708208665
"green manure, organic, until April",ha,588.0783909445837
"green manure, organic, until February",ha,389.37436364238584
"green manure, organic, until March",ha,567.60009164465248
"green manure, Swiss integrated production, until February",ha,393.18346825896145
"greenhouse, plastic walls and roof",m2*year,2.4359837112193832
gypsum fibreboard,kg,0.36449815643196709
gypsum plasterboard,kg,0.32597804983936823
H3PO4 purification residue,kg,0.33513316178306951
"hard chromium coat, electroplating, steel substrate, 0.14 mm thickness",m2,289.04617373824334
hard coal ash,kg,2.203338604537006E-2
hard coal briquettes,MJ,1.8323575433931441E-2
hard coal coke factory,unit,535370386.25411826
hard coal power plant,unit,119399327.95430496
hard coal preparation plant,unit,3099696.4049249119
"hard coal, run-of-mine",kg,0.19040712146444022
"hard disk drive, for desktop computer",unit,17.755823176786809
"hard disk drive, for laptop computer",unit,4.5990587150180824
harvester,kg,7.7404297531014077
"harvesting, by complete harvester, beets",ha,521.28472931218835
"harvesting/bundling, energy wood harvester",hour,77.793397684628445
hay,kg,0.57353581159891187
"hay, Swiss integrated production, extensive",kg,8.6479233935348704E-2
hazardous waste incineration facility,unit,6636925.4039583895
"hazardous waste, for incineration",kg,2.1420730281969274
"hazardous waste, for underground deposit",kg,0.25861054832975489
"heat and power co-generation unit, 160kW electrical, common components for heat+electricity",unit,101614.51680135865
"heat and power co-generation unit, 1MW electrical, components for electricity only",unit,54374.473551971678
"heat and power co-generation unit, 200kW electrical, common components for heat+electricity",unit,105095.57331627785
"heat and power co-generation unit, 200kW electrical, diesel SCR, components for electricity only",unit,16987.816100184249
"heat and power co-generation unit, 6400kW thermal, building",unit,245498.8728550286
"heat and power co-generation unit, 6400kW thermal, common components for heat+electricity",unit,36590.642163560886
"heat and power co-generation unit, 6400kW thermal, components for electricity only",unit,34648.771881609988
"heat and power co-generation unit, organic Rankine cycle, 1000kW electrical",unit,175587.78812261645
"heat and power co-generation unit, organic Rankine cycle, 1400kW thermal, building",unit,246780.36902885075
"heat and power co-generation unit, organic Rankine cycle, 1400kW thermal, components for electricity only",unit,42946.9326030089
"heat and power co-generation unit, organic Rankine cycle, 3MW electrical",unit,538235.54788686836
"heat carrier liquid, 40% C3H8O2",m3,1029.1715257200622
"heat pump, 30kW",unit,4970.1706637230791
"heat pump, brine-water, 10kW",unit,1489.8801206906148
"heat pump, for heat and power co-generation unit, 160kW electrical",unit,2271.186998200581
"heat pump, for mini CHP plant",unit,138.83111071246719
"heat storage, 2000l",unit,799.17508944712608
"heat, central or small-scale, natural gas",MJ,5.6097735239769943E-2
"heat, central or small-scale, natural gas, Jakobsberg",MJ,8.7814971104038485E-3
"heat, central or small-scale, other than natural gas",MJ,0.11952012132861838
"heat, district or industrial, other than natural gas",MJ,8.0474426327654364E-2
"heat, from steam, in chemical industry",MJ,0.11061074933444513
"heat, future",MJ,3.1514724427134412E-2
"heating and sanitary equipment, heat and power co-generation unit, 160kW electrical",unit,7594.1283797566821
heavy fuel oil,kg,0.34185635730863967
"heavy fuel oil, burned in refinery furnace",MJ,9.7986017379058057E-2
helicopter,unit,8869.4753911514999
"helium, crude stockpiling",kg,2.389552064320684
heptane,kg,0.69987624075535604
high level radioactive waste for final repository,m3,16743.335925371455
hoeing,ha,21.114184774356747
hot water tank factory,unit,778973.01706575276
"hot water tank, 600l",unit,926.27274057125942
"housing system, cattle, tied, per animal unit",unit,14454.693400994687
"housing system, pig, fully-slatted floor, per pig place",unit,1177.9655961553624
"housing system, pig, label-certified, per pig place",unit,1458.4133941932864
hydraulic fracturing fluid,m3,15.099928667119176
hydrazine sulfate,kg,4.6615927826061219
hydrogen fluoride,kg,1.0701442747860495
"hydropower plant, reservoir, non-alpine regions",unit,11820365970.026321
hydroquinone,kg,3.8488874805917259
"ilmenite, 54% titanium dioxide",kg,0.30057626620331579
"impact extrusion of aluminium, 2 strokes",kg,1.1034095379593269
"impact extrusion of aluminium, 3 strokes",kg,1.8359415347372301
"impact extrusion of aluminium, cold, initial surface treatment",kg,0.12345410672149719
"impact extrusion of aluminium, deformation stroke",kg,0.29221244337159574
"impact extrusion of steel, cold, 2 strokes",kg,1.2470601120273606
"impact extrusion of steel, cold, 3 strokes",kg,1.0034854969086862
"impact extrusion of steel, cold, 4 strokes",kg,1.1702312123272882
"impact extrusion of steel, cold, 5 strokes",kg,1.6254657346019936
"impact extrusion of steel, hot, 1 strokes",kg,1.2118579137214196
"impact extrusion of steel, hot, 2 strokes",kg,1.476962484176007
"impact extrusion of steel, hot, 3 strokes",kg,1.7224535787655906
"impact extrusion of steel, hot, deformation stroke",kg,0.12491268890303343
"impact extrusion of steel, hot, tempering",kg,1.193863040369114E-2
"impact extrusion of steel, warm, 1 strokes",kg,1.1705077146451668
"impact extrusion of steel, warm, 3 strokes",kg,1.5004909754729974
"impact extrusion of steel, warm, 5 strokes",kg,1.6816442585815874
"impact extrusion of steel, warm, deformation stroke",kg,9.136549196408833E-2
"impact extrusion of steel, warm, initial warming",kg,0.43000443982202396
indium,kg,195.87194992958894
"indium rich leaching residues, from zinc production stockpiling",kg,6.7403065447557663E-3
"inductor, auxilliaries and energy use",kg,55.291843347103168
"inductor, miniature radio frequency chip",kg,76.861898376482557
"inductor, ring core choke type",kg,67.601938549579955
"industrial furnace, natural gas",unit,15637.766940769339
inert gas for discharge lamps,kg,2.9497914051065717
inert material landfill,unit,1863139.0492315288
inert waste,kg,5.5719031759095096E-3
"infrastructure, for regional distribution of oil product",unit,7266092.5868776869
injection moulding,kg,1.3343048158586854
"internal combustion engine, for passenger car",kg,7.230873527324901
"internet access, videoconference, 0.7 Mbit/s",hour,7.4562843605716342E-2
intral,kg,0.10916635904997239
"inverter, for electric passenger car",kg,40.333813023721532
iodine,kg,5.4097476376690254
"iron (III) chloride, without water, in 40% solution state",kg,0.83872828050291359
"iron ore, beneficiated, 65% Fe",kg,0.13706619704844414
iron sulfate,kg,0.2426614689826459
iron-nickel-chromium alloy,kg,4.4806241652248158
isobutyl acetate,kg,3.1669533277496891
isohexane,kg,0.7368343106316827
isopropanol,kg,2.4185609473405187
isopropyl acetate,kg,4.1498085432416936
isopropylamine,kg,3.2513209659291604
jatropha seed,kg,1.1780150747825882
jute fibre,kg,0.79795574147945625
kaolin,kg,0.21341595360772567
"kraft paper, bleached",kg,1.8060793389162932
"kraft paper, unbleached",kg,1.060643695688998
"krypton, gaseous",kg,139.81082176873829
"land use change, paddy rice",ha,-1425.5919622352608
"land use change, perennial crop",ha,3150.9227365504075
"landed anchovy, fresh",kg,4.9937219368560812E-2
"landed hake, fresh",kg,0.89009873551615926
"laser machining, metal, with CO2-laser, 2700W power",hour,45.473486436067603
"laser machining, metal, with CO2-laser, 3200W power",hour,31.069785760081373
"laser machining, metal, with CO2-laser, 4000W power",hour,55.827136429842646
"laser machining, metal, with CO2-laser, 5000W power",hour,59.081801435513476
"laser machining, metal, with YAG-laser, 30W power",hour,4.32723895398951
"laser machining, metal, with YAG-laser, 40W power",hour,3.8285218411426398
"laser machining, metal, with YAG-laser, 60W power",hour,5.3714537569109799
latex,kg,2.6960624491874734
"layered sodium silicate, SKS-6, powder",kg,2.4300104099572297
lead concentrate,kg,0.36786492842137064
lead in car shredder residue,kg,0.15344185666415672
lead smelter slag,kg,1.2479663886352077E-2
light fuel oil,kg,0.60893332395388577
light mortar,kg,0.47373703632875935
"lightweight concrete block, expanded clay",kg,0.37709454023242966
"lightweight concrete block, polystyrene",kg,1.1260411062522544
lignite,kg,3.7391171541162067E-2
lignite ash,kg,1.5018994307145074E-2
lignite briquettes factory,unit,25627776.149036754
lignite dust factory,unit,34277568.185339898
lignite power plant,unit,180065105.73235285
lime,kg,3.6633172139341356E-2
"lime, hydraulic",kg,0.87231297875218139
limestone quarry infrastructure,unit,330201.61090569658
"limestone, crushed, for mill",kg,2.331518258591811E-3
liquefied petroleum gas,kg,0.5614541903205732
"liquid crystal display, unmounted",kg,62.576866791141811
liquid packaging board,kg,1.1423492041353938
liquid packaging board container,kg,2.3192107413116503
"lithium brine, 6.7 % Li",kg,4.2091281612000431E-2
lithium chloride,kg,4.4656844978120187
lithium hydroxide,kg,6.208578748398601
lithium manganese oxide,kg,4.5647007644970774
locomotive,unit,426308.89518971927
"lorry with refrigeration machine, carbon dioxide, liquid as refrigerant, 16 metric ton",unit,29361.302830446628
low level radioactive waste,m3,7659.7288301186354
low level radioactive waste for final repository,m3,2208.9234212197957
"machine operation, diesel, < 18.64 kW, generators",hour,4.7409262706142936
"machine operation, diesel, < 18.64 kW, low load factor",hour,4.331772303704212
"machine operation, diesel, < 18.64 kW, steady-state",hour,4.9331809583707882
"machine operation, diesel, >= 18.64 kW and < 74.57 kW, low load factor",hour,13.789194403805825
"machine operation, diesel, >= 18.64 kW and < 74.57 kW, underground mining",hour,14.169608134773918
"machine operation, diesel, >= 74.57 kW, generators",hour,85.840720475603348
"machine operation, diesel, >= 74.57 kW, low load factor",hour,26.530162656641512
"machine operation, diesel, >= 74.57, underground mining",hour,38.865678473871057
magnesium,kg,25.679236134078753
magnesium sulfate,kg,0.49807833921192629
"magnesium-alloy, AZ91",kg,34.928923432191837
magnetite,kg,0.99311059324577933
"maintenance, barge",unit,340277.6446625067
"maintenance, bicycle",unit,20.132481266824872
"maintenance, bus",unit,48714.612229143248
"maintenance, electric bicycle",unit,82.35788952502844
"maintenance, electric scooter, without battery",unit,308.79373717810091
"maintenance, freight ship, transoceanic",unit,422342.3714295713
"maintenance, goods wagon",unit,48424.846038085496
"maintenance, heat and power co-generation unit, 160kW electrical",unit,48141.232975726365
"maintenance, intermodal shipping container, 45-foot, high-cube",unit,351.95969367730936
"maintenance, reefer, intermodal shipping container, 40-foot, high-cube",unit,199.31243382706111
"maintenance, refrigeration machine",unit,2.7203621952476165
"maintenance, solid oxide fuel cell, with micro gas turbine, 180kW electrical, future",unit,3874.6042732387714
"maintenance, stirling heat and power co-generation unit, 3kW electrical, wood pellet, future",unit,68.038289139350951
"maintenance, train, passenger, long distance",unit,1980739.9669071322
"maize grain, feed, Swiss integrated production",kg,0.45857224878009406
"maize grain, organic",kg,0.59676099922957704
"maize grain, Swiss integrated production",kg,0.39766774079126799
"maize seed, Swiss integrated production, at farm",kg,0.79909389667658937
"maize seed, Swiss integrated production, for sowing",kg,1.2365965289398235
"maize silage, organic",kg,4.48391115518465E-2
"maize silage, Swiss integrated production",kg,6.4372564410762528E-2
maleic unsaturated polyester resin,kg,3.2407369954115746
malusil,kg,3.2128511382789333E-2
mandarin,kg,0.64409593970830548
manganese,kg,3.8523210854825596
manganese concentrate,kg,0.10793361141616829
manganese sulfate,kg,1.0028360783406867
manual dismantling of electric scooter,unit,1.2096326935640471E-2
manual dismantling of used electric passenger car,unit,9.4076121538678205E-3
manual dismantling of used passenger car with internal combustion engine,unit,1.0651993824986626E-2
"manual treatment facility, waste electric and electronic equipment",unit,546273.14767715312
"manure, solid, cattle",kg,2.9584866278527171E-3
mastic asphalt,kg,0.21404895171397417
meat and bone meal,kg,1.2900484936991025E-2
mecoprop,kg,4.5887422201141312
melamine,kg,6.1569826607884259
metal coating facility,unit,170854.06229521782
"metal part of electronics scrap, in blister-copper",kg,1.5750751409910233
"metal working, average for aluminium product manufacturing",kg,3.4670688442980646
"metal working, average for copper product manufacturing",kg,2.1570803640435976
metaldehyde,kg,1.9057030482687112
metalliferous hydroxide sludge,kg,4.2100105399125252E-2
metamitron,kg,8.0665052067535576
"methane, 96% by volume, from biogas, from medium pressure network, at service station",kg,3.0012538549385668
methanol,kg,0.52924143339538088
methanol factory,unit,35316401.438863181
"methanol, from biomass",kg,0.60209522716919095
methyl acrylate,kg,2.8080809982642765
methyl ethyl ketone,kg,1.8908494594350715
methyl formate,kg,3.1840655321564957
methyl iodide,kg,7.5947134104334975
methyl tert-butyl ether,kg,1.0731756447685359
methylamine,kg,2.9178018318732537
methylcyclohexane,kg,4.0183477199816577
metolachlor,kg,10.633344580905508
"micro gas turbine, 100kW electrical",unit,16043.516570890164
milking,kg,4.9877234615673699E-2
"mine infrastructure, iron",unit,18520660.940251775
"mine infrastructure, open cast, hard coal",unit,220591330.71808979
"mine infrastructure, open cast, lignite",unit,72161327.824934766
"mine infrastructure, open cast, non-ferrous metal",unit,98765352.349509597
"mine infrastructure, open cast, uranium",unit,7104748.4066840317
"mine infrastructure, phosphate rock",unit,199886662.08396879
"mine infrastructure, underground, non-ferrous metal",unit,64221692.230423778
"mine infrastructure, underground, uranium",unit,4405853.0221530879
"mine infrastructure, vermiculite",unit,538266.12611406343
"mini CHP plant, common components for heat+electricity",unit,2721.0922265450208
"mint seedling, for planting",unit,6.8331771416990685E-3
"miscanthus rhizome, for planting",unit,4.8973734513071358E-3
"miscanthus, chopped",kg,7.1866916744128262E-2
"mobile cable yarder, truck-mounted, incl. processor",unit,219716.78767262667
"molasses, from sugar beet",kg,5.4419655666667739E-2
molybdenite,kg,41.500486932501509
monochlorobenzene,kg,3.4394181324279094
monoethanolamine,kg,3.1819659009745291
morpholine,kg,7.7476019857407872
"mounting, surface mount technology, Pb-free solder",m2,8.1040824876600119
"mowing, by motor mower",ha,30.847192021146178
"MOX fuel element, for light water reactor",kg,57.581354070170271
municipal waste incineration facility,unit,15134507.232422672
"N,N-dimethylformamide",kg,3.0719132173062671
naphtha,kg,0.58499539543494938
naphthalene sulfonic acid,kg,1.4882146568019377
natural gas service station,unit,28446.78158268653
"natural gas, from high pressure network (1-5 bar), at service station",kg,0.62082467378878292
"natural gas, from low pressure network (<0.1 bar), at service station",kg,1.2815294701854323
"natural gas, high pressure",m3,0.35838286194093083
"natural gas, low pressure",m3,0.53240679561512727
"natural gas, unprocessed, at extraction",m3,0.29530290872095277
"natural gas, vented",m3,20.252494447977273
"natural stone plate, cut",kg,0.4730905560363563
"nickel ore, beneficiated, 16%",kg,1.4504151154393912
nickel sulfate,kg,4.609166725545645
nitric oxide,kg,1.9287020283143375
nitrile-compound,kg,13.689687705983285
"nitrogen fertiliser, as N",kg,9.8847889282764747
"nitrogen, liquid",kg,0.40475071303402083
nitrous dioxide,kg,2.0622380723682672
nitrous oxide,kg,4.1231872096024835
n-olefins,kg,2.2214260772168553
"non-Fe-Co-metals, from used Li-ion battery, pyrometallurgical processing",kg,1.5552977055509869
non-ionic surfactant,kg,3.3855580070151015
"non-sulfidic overburden, off-site",kg,0
"non-sulfidic tailing, off-site",kg,0
"nuclear fuel element, for boiling water reactor, UO2 4.0% & MOX",kg,2959.8551072620871
"nuclear fuel element, for pressure water reactor, UO2 3.8% & MOX",kg,3531.4428505982173
"nuclear fuel element, for pressure water reactor, UO2 3.9% & MOX",kg,3803.1792629278652
"nuclear fuel element, for pressure water reactor, UO2 4.2% & MOX",kg,4450.3913921515741
nuclear spent fuel conditioning facility,unit,34460626.028824113
"nuclear waste storage, final repository for low level radioactive waste",unit,200402822.21429935
"nuclear waste storage, interim, for low level radioactive waste before final repository",unit,4868130.7765874574
"nylon 6, glass-filled",kg,7.3344700104738587
nylon 6-6,kg,9.0357058028854542
"nylon 6-6, glass-filled",kg,6.9047712608966325
oat grain,kg,0.860267651054345
o-chlorotoluene,kg,2.8351097547386352
o-dichlorobenzene,kg,2.1538931993731731
"offshore platform, petroleum",unit,13381055.97078659
"oil boiler, 100kW",unit,2102.9992836137403
"oil boiler, 10kW",unit,405.19928990500887
oil mill,unit,3778192.3327714377
"oil power plant, 500MW",unit,156104184.97406462
olive,kg,0.47618058972839583
"onion seedling, for planting",unit,3.4726732035535494E-3
onshore natural gas field infrastructure,unit,5088729.4930416485
"onshore well, oil/gas",m,2263.3054298060324
"operation, computer, desktop, home use",hour,3.53643903783449E-2
"operation, computer, laptop, 23% active work",hour,9.2141387957578001E-3
"operation, computer, laptop, 68% active work",hour,2.5549983422697497E-2
"operation, computer, laptop, 68% active work with internet access 0.2 Mbit/s",hour,4.1203754683452547E-2
"operation, computer, laptop, 68% active work with internet access 0.2 Mbit/s, label-certified electricity",hour,3.763652917528347E-2
"operation, computer, laptop, 68% active work, label-certified electricity",hour,1.8432341073503888E-2
"operation, computer, laptop, standby/sleep mode",hour,8.9887641374979226E-3
"operation, computer, laptop, video mode, label-certified electricity",hour,1.9549338023349804E-2
"operation, computer, laptop, videoconference",hour,0.14554009593261469
"operation, computer, laptop, videoconference, label-certified electricity",hour,0.1137050454768854
"operation, dried roughage store, cold-air dried, conventional",kg,0.15185696535351409
"operation, dried roughage store, non ventilated",kg,2.0610322069688884E-2
"operation, housing system, cattle, loose, per animal unit",unit,840.28435563797473
"operation, housing system, pig, label-certified, per pig place",unit,45.743816311010242
"operation, intermodal shipping container",kg*day,1.1111192324148901E-4
"operation, internet access equipment",hour,5.3093167875035074E-3
"operation, reefer, cooling",kg*day,6.9121510920281031E-3
"operation, reefer, freezing",kg*day,6.3307734174239162E-3
"orange, fresh grade",kg,0.24847076043517946
"organophosphorus-compound, unspecified",kg,6.6473927686772178
oriented strand board,m3,400.52703783013004
orthophthalic acid based unsaturated polyester resin,kg,3.9721150590743677
packaging box factory,unit,5666720.709327694
packaging glass sorting facility,unit,3123553.339855805
"packaging glass, brown",kg,0.9259638160170035
"packing, cement",kg,7.359550155468954E-3
"packing, clay product",kg,7.3450479138089664E-3
"packing, lime product",kg,2.0472635189571063E-2
palladium,kg,6076.1047701164161
"palm date, conditioned and dried, organic",kg,3.6246334600134689
"palm date, organic",kg,3.4822046662909489
"palm oil, crude",kg,2.7970498142049562
"panel glass, for cathode ray tube display",kg,1.2800654009537138
papaya,kg,0.21070917693990385
"paper, newsprint",kg,1.5531724143299992
"paper, woodcontaining, supercalendered",kg,1.5777037818333868
"paper, woodfree, uncoated",kg,0.98828371377252566
paraffin,kg,0.81130649661181597
para-phenylene diamine,kg,14.481486881891577
paris market carrot,kg,0.18981889702004057
"particle board, cement bonded",m3,1094.5173258826783
"particle board, for outdoor use",m3,409.70645823185635
"particleboard, uncoated",m3,331.06960453693301
"passenger car, electric, without battery",kg,5.8378606258202685
"passenger car, petrol/natural gas",kg,8.2995811752320527
p-dichlorobenzene,kg,2.18000834337768
peanut,kg,1.6313052190115824
"peanut seed, at farm",kg,2.8306107151203359
pear,kg,0.54450631357968149
pentaerythritol,kg,1.7972572468526469
"pesticide, unspecified",kg,12.279163111132579
"petrol, low-sulfur",kg,0.66476545660706676
"petrol, unleaded",kg,0.66540516675840422
"petrol, unleaded, burned in machinery",MJ,0.17458656768434941
phenol,kg,3.2612250739785162
phenoxy-compound,kg,7.7909746648437395
phenyl isocyanate,kg,6.5171271339167038
"phosgene, liquid",kg,1.6684584458008376
phosphane,kg,20.214343264905128
"phosphate fertiliser, as P2O5",kg,1.6359592767361122
phosphorus oxychloride,kg,5.6568205550141597
phosphoryl chloride,kg,4.3726162352012059
"photovoltaic cell, multi-Si wafer",m2,152.00575305445906
"photovoltaic cell, single-Si wafer",m2,195.89229785714753
"photovoltaic facade installation, 3kWp, multi-Si, laminated, integrated, at building",unit,6177.2909649259736
"photovoltaic facade installation, 3kWp, single-Si, laminated, integrated, at building",unit,6291.5254701303456
"photovoltaic flat-roof installation, 3kWp, multi-Si, on roof",unit,7559.6385148214495
"photovoltaic laminate, CIS",m2,136.83752980315361
"photovoltaic laminate, ribbon-Si",m2,127.43867473242561
"photovoltaic module, building-integrated, for facade installation",m2,33.286316324818003
"photovoltaic mounting system, for facade installation",m2,44.871757775355142
"photovoltaic mounting system, for flat-roof installation",m2,33.627892594411726
"photovoltaic panel, ribbon-Si",m2,180.37588423366978
"photovoltaic panel, single-Si wafer",m2,260.170622440123
"photovoltaic plant, electric installation for 570kWp open ground module",unit,5789.5487893308591
"photovoltaic slanted-roof installation, 3kWp, a-Si, laminated, integrated, on roof",unit,4318.1797810417593
"photovoltaic slanted-roof installation, 3kWp, a-Si, panel, mounted, on roof",unit,4853.3228940772096
"photovoltaic slanted-roof installation, 3kWp, CIS, panel, mounted, on roof",unit,5821.2737269601848
"photovoltaic slanted-roof installation, 3kWp, ribbon-Si, laminated, integrated, on roof",unit,6146.8443230064731
"photovoltaic slanted-roof installation, 3kWp, single-Si, laminated, integrated, on roof",unit,8749.9625412923961
"photovoltaic slanted-roof installation, 3kWp, single-Si, panel, mounted, on roof",unit,8802.8427231166079
phthalic anhydride,kg,2.8942477320719573
phthalimide,kg,4.6503294298499833
phthalimide-compound,kg,11.759080332291054
pineapple,kg,0.17424628785523236
"pipeline, natural gas, long distance, high capacity, onshore",km,1535174.0500354115
"pipeline, natural gas, long distance, low capacity, onshore",km,1108990.2181371299
"pipeline, natural gas, low pressure distribution network",km,77656.270167726092
"pipeline, petroleum",km,459851.77856015024
"pipeline, petroleum, offshore",km,1265648.5653602255
piperidine,kg,8.50845869779738
pitch,kg,0.3666949648800043
"planning, heat and power co-generation unit, 160kW electrical",unit,11693.543896904193
"plasticiser, for concrete, based on sulfonated melamine formaldehyde",kg,1.1575977280186724
platinum,kg,30472.741521744614
"plug, inlet and outlet, for network cable",unit,5.8064661285718244E-2
"plug, inlet and outlet, for printer cable",unit,0.46001667617325764
"plywood, for indoor use",m3,527.11016844765925
p-nitrophenol,kg,3.7622803084385903
"polarizer, liquid crystals and colour filters, for liquid crystal display",kg,179.87907597519583
polyacrylamide,kg,2.4289491572826796
polyaluminium chloride,kg,2.1282201685942859
polybutadiene,kg,4.2479882852108375
"polyethylene pipe, DN 200, SDR 41",m,7.7037850350722321
"polyethylene terephthalate, granulate, bottle grade",kg,2.5626225861830725
"polyethylene, high density, granulate",kg,2.644761178250151
"polyethylene, high density, granulate, recycled",kg,0.7995818712260615
"polyethylene, low density, granulate",kg,1.7116201093285808
"polylactide, granulate",kg,3.6561482131067358
"polymethyl methacrylate, beads",kg,9.0888950100182235
"polymethyl methacrylate, sheet",kg,9.4613076187194096
polyol,kg,4.3484719960771088
"polypropylene, granulate",kg,2.088682563110472
"polystyrene foam slab with graphite, 6% recycled",kg,3.1157023268055615
"polystyrene foam slab, 10% recycled",kg,3.2341499614651972
"polystyrene scrap, post-consumer",kg,6.8563922915724676E-2
"polystyrene, expandable",kg,3.4516903759012427
"polystyrene, extruded",kg,11.347132161927725
polysulfone,kg,8.0947079008439982
"polyurethane, flexible foam",kg,5.3997229596042651
"polyvinylchloride, bulk polymerised",kg,2.091844111259634
"polyvinylchloride, emulsion polymerised",kg,2.4696434264024552
"polyvinylchloride, suspension polymerised",kg,2.1072435527707736
"polyvinylfluoride, dispersion",kg,16.521161906023845
"polyvinylfluoride, film",kg,15.076809795748106
port facilities,unit,175370681752.29718
"potassium fertiliser, as K2O",kg,0.38401861759847578
potassium hydroxide,kg,2.734782963098358
potassium perchlorate,kg,7.0072258266027543
"potassium sulfate, as K2O",kg,1.7444683435871622
potato grading,kg,2.0052969860339782E-3
potato planting,ha,68.654949022047532
"potato seed, for setting",kg,0.35527138356650745
"potato seed, organic, for setting",kg,0.39346563241054494
potato starch,kg,0.54102937724325073
"poultry manure, dried",kg,0.22734104952515596
"powder coat, steel",m2,3.5934114558537962
"power block, solar tower power plant, 20 MW",unit,14347915.076112909
"power distribution unit, for electric passenger car",kg,55.344219588580991
"power saw, with catalytic converter",unit,160.3368457050999
"power sawing, with catalytic converter",hour,9.1948598348849231
"power supply unit, for desktop computer",unit,39.044211191150431
"precious metal from electronics scrap, in anode slime",kg,81.082177483884507
precious metal refinery,unit,1061842.8004334441
printed paper,kg,2.462451307707215
"printed paper, offset",kg,3.2844390655364131
printed wiring board mounting facility,unit,7698311.0685927505
"printed wiring board mounting facility, surface mounting line",unit,122474.7648582549
"printed wiring board, for surface mounting, Pb free surface",m2,387.1947051849578
"printed wiring board, for through-hole mounting, Pb containing surface",m2,109.14576799792655
"printed wiring board, for through-hole mounting, Pb free surface",m2,121.99274894371722
"printed wiring board, mounted mainboard, desktop computer, Pb free",kg,213.02350137807963
"printed wiring board, mounted mainboard, laptop computer, Pb containing",kg,350.69818250732118
"printed wiring board, mounted mainboard, laptop computer, Pb free",kg,296.47109301930914
"printed wiring board, surface mounted, unspecified, Pb containing",kg,321.34817866078015
"printed wiring board, surface mounted, unspecified, Pb free",kg,283.24377363459479
"printed wiring board, through-hole mounted, unspecified, Pb containing",kg,74.023077993383353
"printer, laser, black/white",unit,56.076342322186633
"printer, laser, colour",unit,68.130448704990584
"printing ink, offset, without solvent, in 47.5% solution state",kg,3.0922033379372063
"printing ink, rotogravure, without solvent, in 55% toluene solution state",kg,4.5449252249237801
"process-specific burden, sanitary landfill",kg,4.0033796290418668E-3
"process-specific burdens, import of copper to Switzerland",kg,0.95703406152831749
"process-specific burdens, residual material landfill",kg,3.3248711959760592E-3
propanal,kg,3.2924704215862723
propane,kg,0.97688907264091573
"propane, burned in building machine",MJ,7.0678696813625888E-2
propyl amine,kg,6.9531369032807122
propylene,kg,1.3328263165392416
"propylene glycol, liquid",kg,4.5783904660741248
"protein feed, 100% crude",kg,1.5570877827314338
"protein pea, feed, Swiss integrated production",kg,0.39436729270961379
"protein pea, Swiss integrated production",kg,0.49392650887425887
pulverised lignite,MJ,2.5679719032037016E-2
pumice,kg,9.7783922299844485E-3
"pump, 40W",unit,9.3741871872551741
"purse seiner, steel",kg,2.6353363575284923
"purse seiner, wooden",kg,0.87901493033016465
pyrazole,kg,17.980870021112889
pyridazine-compound,kg,9.7701921494728623
"quicklime, in pieces, loose",kg,1.3754085896944801
railway track,m*year,100.17722948465384
rape meal,kg,0.52362063495686517
rape seed,kg,0.91460916275672099
"rape seed, organic, for sowing",kg,1.4623988137902055
"rape seed, Swiss integrated production",kg,1.0121780764662134
"rare earth concentrate, 70% REO, from bastnsite",kg,1.7503659937168117
"receiver system, solar tower power plant, 20 MW",unit,5310901.0828818912
"recultivation, bentonite mine",m2,520.90759567262126
"recultivation, ilmenite mine",m2,0.63784390061435936
redmud from bauxite digestion,kg,9.2222154022651628E-3
refinery sludge,kg,2.6035103550991527
refractory spent pot liner from Al electrolysis,kg,0.29870936485912292
refrigerant R134a,kg,11.933091560053144
"refrigeration machine, carbon dioxide, liquid as refrigerant",unit,3256.3317882864058
"refrigeration machine, R134a as refrigerant",unit,5160.0619427321326
"residential sewer grid, 0.087 km",km,257554.42537789259
"residual softwood, wet",m3,18.382370217364329
"residue from mechanical treatment, IT accessory",kg,3.4135746948550389
"residue from mechanical treatment, laptop computer",kg,3.2691079686214262
"residue from rutile production, synthetic, 56% water",kg,1.1448787953432002E-2
residue from shredder fraction from manual dismantling,kg,2.9053694824816709
"resistor, surface-mounted",kg,169.13653181780131
"retention aid, for paper production",kg,2.5559939647585779
road maintenance,m*year,18.087824130994047
road vehicle factory,unit,296178559.54724622
"road wear emissions, lorry",kg,0
"road wear emissions, passenger car",kg,0
rolling mill,unit,154671.31498665793
roof tile,kg,0.4279819886051261
"rosin size, for paper production",kg,4.0180099674002374
"roundwood, meranti from sustainable forest management, under bark",m3,75.618217828243473
"router, internet",unit,38.592701926230689
"rye grain, organic",kg,0.2979457389032244
"rye grain, Swiss integrated production",kg,0.34664326625848141
"rye seed, organic, for sowing",kg,0.32323501504167484
"rye seed, Swiss integrated production, for sowing",kg,0.35145476757144728
ryegrass-Egyptian&Persian clover-mixture silage,kg,0.33146091180743176
"samarium europium gadolinium concentrate, 94% rare earth oxide",kg,16.44015469630553
sand-lime brick,kg,0.22294329539776936
"saw dust, loose, wet, measured as dry mass",kg,1.0625908481046489E-2
"saw dust, wet, measured as dry mass",kg,3.1496354437986478E-2
"sawlog and veneer log, hardwood, measured as solid wood under bark",m3,24.00718668126957
"sawlog and veneer log, softwood, measured as solid wood under bark",m3,20.126852933782342
"sawnwood, azobe from sustainable forest management, planed, air dried",m3,346.73672366828464
"sawnwood, beam, hardwood, dried (u=10%), planed",m3,144.2385864565542
"sawnwood, beam, hardwood, dried (u=20%), planed",m3,98.404705245335947
"sawnwood, beam, softwood, dried (u=10%), planed",m3,94.452529642151774
"sawnwood, beam, softwood, dried (u=20%), planed",m3,104.02206364713072
"sawnwood, beam, softwood, raw, dried (u=20%)",m3,59.829644185565478
"sawnwood, board, hardwood, dried (u=10%), planed",m3,110.60474441856996
"sawnwood, board, hardwood, dried (u=20%), planed",m3,99.334406766898397
"sawnwood, board, hardwood, raw, dried (u=10%)",m3,102.40568474673279
"sawnwood, board, hardwood, raw, dried (u=20%)",m3,103.96595148231982
"sawnwood, board, softwood, raw, dried (u=20%)",m3,73.5996997892005
"sawnwood, hardwood, dried (u=10%), planed",m3,166.22788596778526
"sawnwood, hardwood, raw, dried (u=10%)",m3,134.75781487693561
"sawnwood, lath, hardwood, dried (u=20%), planed",m3,127.7492975908125
"sawnwood, lath, hardwood, raw, dried (u=10%)",m3,130.10057452038782
"sawnwood, lath, hardwood, raw, dried (u=20%)",m3,108.15128516221441
"sawnwood, lath, softwood, dried (u=20%), planed",m3,89.146477649280598
"sawnwood, paran pine from sustainable forest management, kiln dried",m3,800.07145160213543
"sawnwood, softwood, dried (u=10%), planed",m3,93.058742787379771
"sealing tape, aluminium/PE, 50 mm wide",m,0.22921499675254683
"selective coat, aluminium sheet, nickel pigmented aluminium oxide",m2,4.8901363887960523
"selective coat, copper sheet, physical vapour deposition",m2,0.99972860568204047
"selective coat, copper sheet, sputter deposition",m2,3.7010615204304713
selenium,kg,2.1587282682126401
sewage sludge,m3,5.6081072116759048
"sewer grid, 1.1E10l/year, 242 km",km,684979.47662237252
"sewer grid, 1E9l/year, 30 km",km,782442.95262982533
shale brick,kg,0.27998633933820705
"shavings, hardwood, loose, measured as dry mass",kg,3.845357124881299E-2
"shavings, softwood, measured as dry mass",kg,0.11125266278556128
shed,m2,196.53689831015009
"shed, large, wood, non-insulated, fire-unprotected",m2,209.6509450975399
"sheet rolling, aluminium",kg,0.5478255813373667
"sheet rolling, steel",kg,0.4826849518926421
"silencer, steel, DN 315, 50 mm",unit,81.104105656216831
silicon tetrahydride,kg,432.14997769265631
"silicon, metallurgical grade",kg,11.456318197555373
"silicon, multi-Si, casted",kg,77.231958786385164
"silicon, single crystal, Czochralski process, electronics",kg,323.54419020801561
"silicon, single crystal, Czochralski process, photovoltaics",kg,116.83796379750042
silicone factory,unit,1376580161.1377501
silicone product,kg,2.8239825925117072
silver,kg,272.23722829412918
"single-Si wafer, photovoltaic",m2,238.50151839529087
"slab and siding, softwood, wet, measured as dry mass",kg,1.9336178200771596E-2
slag from metallurgical grade silicon production,kg,8.4657037917503578E-3
sludge from pulp and paper production,kg,0.57117912998318765
sludge from steel rolling,kg,0.34302469563354704
"sludge, NaCl electrolysis",kg,0.39824641767022256
"sludge, pig iron production",kg,0.31485265601422385
"small pelagic fish, fresh",kg,3.6335573994231498
soap,kg,4.0839719503059442
"soda ash, dense",kg,1.2814673519750204
sodium,kg,1.8764575448302478
"sodium aluminate, powder",kg,2.7974587194301064
sodium arsenide,kg,2.9052883815859487
"sodium chlorate, powder",kg,3.6803018764224449
sodium chloroacetate,kg,3.8583067291728805
sodium cumenesulphonate,kg,2.7897873334001613
sodium dichromate,kg,3.2810924999671918
sodium formate,kg,1.4844392291169661
sodium hydrogen sulfite,kg,1.3134708591853788
"sodium hydroxide, without water, in 50% solution state",kg,1.3901084445877507
"sodium hypochlorite, without water, in 15% solution state",kg,3.0807872320550476
sodium nitrate,kg,5.4862824580193594
sodium oxide,kg,3.3618676014947759
"sodium perborate, monohydrate, powder",kg,4.3704366905696928
sodium phosphate,kg,3.5672312529158861
sodium pyrophosphate,kg,2.0652339700108606
"sodium silicate, solid",kg,0.9051808646817241
"sodium silicate, spray powder, 80%",kg,1.8854944352636696
"sodium silicate, without water, in 37% solution state",kg,1.0764289330352736
"sodium silicate, without water, in 48% solution state",kg,0.74803826120471628
"sodium sulfate, anhydrite",kg,0.81011888192582482
sodium sulfide,kg,3.7726201716755652
sodium tetrahydridoborate,kg,24.756939031798751
"soil pH raising agent, as CaCO3",kg,0.10293602648698079
"solar collector system, Cu flat plate collector, multiple dwelling, hot water",unit,10653.27727868369
"solar collector system, Cu flat plate collector, one-family house, combined system",unit,2845.8457541688686
"solar collector system, with evacuated tube collector, one-family house, combined system",unit,2728.7732022331652
"solder, bar, Sn63Pb37, for electronics industry",kg,16.051419513968838
"solder, paste, Sn95.5Ag3.9Cu0.6, for electronics industry",kg,42.814054611076656
solid bleached board,kg,1.3121585707233046
solid unbleached board,kg,1.0919325997540776
"sour gas, burned in gas turbine",MJ,5.5254575179971781E-2
sowing,ha,23.968586382813836
"SOx retained, in hard coal flue gas desulfurisation",kg,0.78552979955158952
"SOx retained, in lignite flue gas desulfurisation",kg,0.90700027622021118
soybean beverage,l,0.39308571691907096
"soybean seed, for sowing",kg,3.7139286272686145
"soybean seed, organic, for sowing",kg,0.74144349345063831
"soybean, organic",kg,0.61797146350823484
"soybean, Swiss integrated production",kg,1.0451317865607421
spent activated carbon with mercury,kg,6.0840694540698979E-2
"spent activated carbon, granular",kg,3.7779883567147073E-2
spent automobile catalyst,kg,0
spent catalyst base from ethyleneoxide production,kg,1.247100193408681E-2
spent catalytic converter for cars,kg,0.18176215073797827
spent catalytic converter NOx reduction,kg,0.3103685729214708
spent cation exchange resin from potable water production,kg,0.83686487058269576
"spent pot liner from Al electrolysis, carbon fraction",kg,0.30921188547644135
spinach,kg,0.1723970705816206
"spinning, bast fibre",kg,2.9640409351524171
"spiral-seam duct, steel, DN 125",m,10.087387021572535
spoil from lignite mining,kg,0
spray-drying of milk,kg,0.54823422349869078
"sputtering target, sintered, indium tin oxide",kg,29.875485200013859
"sputtering, indium tin oxide, for liquid crystal display",m3,22771033.879511647
stalk,kg,2.2400811814940864E-2
"steam generation system, solar tower power plant, 20 MW",unit,474288.51496387046
"steam, in chemical industry",kg,0.3558354877289906
steatite,kg,0.5486777368243223
"steel removed by drilling, computer numerical controlled",kg,5.0605555775872348
"steel removed by milling, average",kg,3.4989127299168614
"steel removed by turning, average, conventional",kg,4.7688321662964901
"steel removed by turning, primarily dressing, computer numerical controlled",kg,5.0052995546949814
"steel removed by turning, primarily dressing, conventional",kg,4.858190144655202
"steel removed by turning, primarily roughing, conventional",kg,4.6384360359301882
"steel, chromium steel 18/8",kg,5.3295149222842406
"steel, low-alloyed",kg,1.6119251831518104
"stibnite ore, 70% stibnite",kg,5.9090369992096505
"stimulation, deep well",m3,84.219633876488246
stone groundwood pulp,kg,1.9220105149042683
stone meal,kg,5.7179713794817441E-2
stone wool factory,unit,88745774.196586549
"stone wool, packed",kg,1.7012304466208747
"storage, 10'000 l",unit,6106.1179707671145
"storage, 650 l mini CHP plant",unit,2178.294765421711
straw,kg,4.8828888888003789E-2
"straw, organic",kg,5.0318530929059392E-2
"straw, stand-alone production",kg,0.13221075343988958
strawberry,kg,0.54964811679242265
"strawberry seedling, for planting",unit,3.3962358082702662E-2
strontium carbonate,kg,1.4355513713988761
styrene,kg,3.6739245386366384
styrene-acrylonitrile copolymer,kg,3.362377138939852
sugar refinery,unit,10417385.871478178
"sugar, from sugar beet",kg,0.54759532238913555
sulfamic acid,kg,2.5078819586957146
"sulfate pulp, bleached",kg,0.50303218317495046
"sulfate pulp, unbleached",kg,0.19214866761705762
"sulfidic tailing, off-site",kg,0
"sulfite pulp, bleached",kg,1.3136115669581001
"sulfur hexafluoride, liquid",kg,106.41965813979779
sulfuryl chloride,kg,1.7932862276705965
sunflower seed,kg,1.3190637962890588
"sunflower seed, Swiss integrated production",kg,0.7844934338681564
"supply air inlet, steel/SS, DN 75",unit,10.114377818617941
sweet corn,kg,0.28016948031282679
sweet sorghum stem,kg,3.1158093950334087E-2
"sweetening, natural gas",m3,0.28838698580332706
synthetic gas,m3,4.3636102460140685E-2
"tailing, from uranium milling",m3,5.3090023643691993
"tanker, transoceanic",unit,50835082.643938027
"tantalum, powder, capacitor-grade",kg,266.68168695745703
"tellurium, semiconductor-grade",kg,6.57982975229499
tert-butyl amine,kg,8.4732374187575914
tetrachloroethylene,kg,2.9117680443096998
tetraethyl orthosilicate,kg,6.0144318032253965
tetrafluoroethylene,kg,120.01523952548963
"tetrafluoroethylene film, on glass",kg,98.565914218717595
tetrahydrofuran,kg,6.193912983400625
"textile, knit cotton",kg,26.298346098024275
"textile, woven cotton",kg,23.660449048428809
"thermal plaster, outdoor",kg,0.73420368088690036
"thermal storage system, solar thermal parabolic trough, 50 MW",unit,187121738.23860544
"thermal storage system, solar tower power plant, 20 MW",unit,14773300.870472837
"thermoforming, with calendering",kg,0.69313618572119773
three layered laminated board,m3,363.75494483156933
"tillage, hoeing and earthing-up, potatoes",ha,22.990172530647449
"tillage, rolling",ha,25.299930712554822
"tillage, rotary cultivator",ha,71.899784621304349
tin,kg,16.187005475137276
titanium dioxide,kg,5.8861434083970288
"titanium zinc plate, without pre-weathering",kg,4.5751541733819092
"tomato, processing grade",kg,0.23127762074073294
"toner module, laser printer, black/white",unit,13.37907077445359
"toner, black, powder",kg,5.657669490562812
"tower silo, plastic",m3,143.76996201894372
"train, passenger, high speed",unit,2634850.5775225912
"train, passenger, long-distance",unit,2480662.3908986999
tram,unit,90782.006874582294
tram track,m*year,160.89334190403696
"transistor, auxilliaries and energy use",kg,144.03554358587303
"transistor, wired, big size, through-hole mounting",kg,210.48497327727728
"transmission network, electricity, medium voltage",km,22140.535595188194
"transmission network, long-distance",km,509441.8128532549
"transport, freight train",metric ton*km,5.027932997412405E-2
"transport, freight, aircraft",metric ton*km,1.0955450283596047
"transport, freight, aircraft with reefer, cooling",metric ton*km,0.99843030680837264
"transport, freight, aircraft with reefer, freezing",metric ton*km,1.2669585092164082
"transport, freight, inland waterways, barge tanker",metric ton*km,3.525353893066574E-2
"transport, freight, light commercial vehicle",metric ton*km,1.8462570089586501
"transport, freight, lorry >32 metric ton, EURO5",metric ton*km,9.311516602100528E-2
"transport, freight, lorry >32 metric ton, EURO6",metric ton*km,8.0027811219849962E-2
"transport, freight, lorry 16-32 metric ton, EURO4",metric ton*km,0.15314048628997065
"transport, freight, lorry 16-32 metric ton, EURO5",metric ton*km,0.19833922097306081
"transport, freight, lorry 16-32 metric ton, EURO6",metric ton*km,0.16454048500759735
"transport, freight, lorry 3.5-7.5 metric ton, EURO4",metric ton*km,0.61956104564654546
"transport, freight, lorry 3.5-7.5 metric ton, EURO5",metric ton*km,0.56137636323361895
"transport, freight, lorry 7.5-16 metric ton, EURO4",metric ton*km,0.24042105685933091
"transport, freight, lorry 7.5-16 metric ton, EURO5",metric ton*km,0.25995956771414513
"transport, freight, lorry 7.5-16 metric ton, EURO6",metric ton*km,0.182936771348888
"transport, freight, lorry with reefer, cooling",metric ton*km,0.1145203787231739
"transport, freight, lorry with reefer, freezing",metric ton*km,0.13564855203290629
"transport, freight, lorry with refrigeration machine, 3.5-7.5 ton, EURO3, carbon dioxide, liquid refrigerant, cooling",metric ton*km,0.67531590677555819
"transport, freight, lorry with refrigeration machine, 3.5-7.5 ton, EURO3, R134a refrigerant, freezing",metric ton*km,0.58458953162561911
"transport, freight, lorry with refrigeration machine, 3.5-7.5 ton, EURO4, carbon dioxide, liquid refrigerant, cooling",metric ton*km,0.65641793771592871
"transport, freight, lorry with refrigeration machine, 3.5-7.5 ton, EURO4, carbon dioxide, liquid refrigerant, freezing",metric ton*km,0.58602816360251153
"transport, freight, lorry with refrigeration machine, 3.5-7.5 ton, EURO5, R134a refrigerant, cooling",metric ton*km,0.6414655200812146
"transport, freight, lorry with refrigeration machine, 3.5-7.5 ton, EURO6, carbon dioxide, liquid refrigerant, cooling",metric ton*km,0.65115700846411817
"transport, freight, lorry with refrigeration machine, 3.5-7.5 ton, EURO6, R134a refrigerant, freezing",metric ton*km,0.66942401116015204
"transport, freight, lorry with refrigeration machine, 7.5-16 ton, EURO3, carbon dioxide, liquid refrigerant, cooling",metric ton*km,0.21378486886599277
"transport, freight, lorry with refrigeration machine, 7.5-16 ton, EURO3, R134a refrigerant, cooling",metric ton*km,0.3581785118558849
"transport, freight, lorry with refrigeration machine, 7.5-16 ton, EURO3, R134a refrigerant, freezing",metric ton*km,0.28775663946194402
"transport, freight, lorry with refrigeration machine, 7.5-16 ton, EURO4, carbon dioxide, liquid refrigerant, freezing",metric ton*km,0.21973754526166464
"transport, freight, lorry with refrigeration machine, 7.5-16 ton, EURO4, R134a refrigerant, freezing",metric ton*km,0.31307092857215008
"transport, freight, lorry with refrigeration machine, 7.5-16 ton, EURO5, carbon dioxide, liquid refrigerant, cooling",metric ton*km,0.20720705533240771
"transport, freight, lorry with refrigeration machine, 7.5-16 ton, EURO5, R134a refrigerant, cooling",metric ton*km,0.34419116007144362
"transport, freight, lorry with refrigeration machine, 7.5-16 ton, EURO6, carbon dioxide, liquid refrigerant, cooling",metric ton*km,0.23133314498146182
"transport, freight, lorry with refrigeration machine, 7.5-16 ton, EURO6, carbon dioxide, liquid refrigerant, freezing",metric ton*km,0.20599484641185051
"transport, freight, lorry with refrigeration machine, freezing",metric ton*km,0.44846412981932854
"transport, freight, sea, liquefied natural gas",metric ton*km,2.1276673314715076E-2
"transport, freight, sea, transoceanic ship with reefer, freezing",metric ton*km,2.3798642415001871E-2
"transport, freight, train with reefer, cooling",metric ton*km,4.3666461422091733E-2
"transport, helicopter",hour,89.993449547940429
"transport, helicopter, LTO cycle",unit,198.87910670871676
"transport, passenger car",km,0.27839250213998396
"transport, passenger car with internal combustion engine",km,0.31254757435969183
"transport, passenger car, electric",km,0.25042977987104692
"transport, passenger car, EURO 3",km,0.31388489745205672
"transport, passenger car, EURO 5",km,0.32326965710343075
"transport, passenger car, large size, diesel, EURO 4",km,0.30383359490200679
"transport, passenger car, large size, diesel, EURO 5",km,0.3035423131160162
"transport, passenger car, large size, natural gas, EURO 3",km,0.35059157284670872
"transport, passenger car, large size, petrol, EURO 3",km,0.49474689871755534
"transport, passenger car, medium size, diesel, EURO 3",km,0.25982677510192287
"transport, passenger car, medium size, diesel, EURO 4",km,0.29674033327549515
"transport, passenger car, medium size, liquefied petroleum gas, EURO 5",km,0.28053379270702944
"transport, passenger car, medium size, natural gas, EURO 3",km,0.33119408932569722
"transport, passenger car, medium size, natural gas, EURO 4",km,0.36574048017220995
"transport, passenger car, small size, diesel, EURO 3",km,0.20050454522299654
"transport, passenger car, small size, diesel, EURO 4",km,0.20846860249262461
"transport, passenger car, small size, natural gas, EURO 4",km,0.24633397080087707
"transport, passenger coach",person*km,4.5499590767031452E-2
"transport, passenger, electric scooter",km,5.9736135222927977E-2
"transport, pipeline, offshore, petroleum",metric ton*km,4.4407281344663201E-2
"transport, pipeline, onshore, long distance, natural gas",metric ton*km,0.10043022051710325
"transport, regular bus",person*km,8.3207153490440319E-2
"transport, tractor and trailer, agricultural",metric ton*km,0.43148050736456262
"transport, trolleybus",person*km,7.7179058197743913E-2
"trawler, steel",kg,1.8892706545136184
trichloroacetic acid,kg,2.6753081410822643
trichloroethylene,kg,4.2417988402357105
trichloropropane,kg,2.7078692329155016
triethyl amine,kg,3.5913187152095207
triethylene glycol,kg,1.6380355822939874
trifluoroacetic acid,kg,6.5636566123344524
trimesoyl chloride,kg,9.5174693447708734
trimethylamine,kg,1.7968896574611604
triphenyl phosphate,kg,7.2088073842956604
"trout feed, 42% protein",kg,1.2784335710329437
"trout, from aquaculture",kg,1.8350892859910721
tube insulation factory,unit,8346483.4300797423
ultraviolet lamp,unit,0.98124807572094219
uranium conversion facility,unit,232348400.30956
uranium mill,unit,145577892.31144312
"uranium tailing, non-radioactive emission",m3,0
"uranium, enriched 3.0%, per separative work unit",unit,831.97554924315932
"uranium, enriched 3.8%, per separative work unit",unit,707.37289720478668
"uranium, enriched 4.2%, per separative work unit",unit,757.66908505265235
"urea formaldehyde foam slab, hard",kg,2.5112757279825133
"urea formaldehyde foam, in situ foaming",kg,2.4766022526812068
urea formaldehyde resin,kg,2.2637607109151343
"urea, as N",kg,2.8456693223409055
"used air filter decentralized unit, 180-250 m3/h",unit,0.27752580250479703
used air filter in exhaust air valve,unit,4.7442005364792629E-2
used bicycle,unit,2.3355525915995319
used blower and heat exchange unit Avent E 97,unit,1.7881161515213086
"used blower and heat exchange unit central, 600-1200 m3/h",unit,5.8634670563367974
"used blower and heat exchange unit decentralized, 180-250 m3/h",unit,19.217677016140268
used blower and heat exchange unit Storkair G 90,unit,15.901513218792932
used blower and heat exchange unit Twl-700,unit,5.8732135074722214
used cable,kg,0.88029727836794658
used capacitor,kg,4.1242578467445501
used cathode ray tube display,kg,0.82663615589921791
"used diesel-electric generating set, 18.5kW",unit,77.457946059125959
"used door, inner, glass-wood",m2,7.5545812766499303
"used door, inner, wood",m2,6.4736791968283338
"used double glazing, U<1.1W/m2K, laminated safety glass",m2,5.6059699403883165
"used exhaust air roof hood steel, DN 400",unit,0.52392231639580455
"used exhaust air valve in-wall housing, plastic/steel",unit,0.10187488387955725
used industrial electronic device,kg,0.30715482175180892
"used insulation spiral-seam duct rockwool, DN 400",m,8.685664764746806E-2
"used intermodal shipping container, 45-foot, high-cube",unit,215.85495806619713
used Li-ion battery,kg,1.3064893898500742
used liquid crystal display,kg,1.3556049511295665
used locomotive,unit,12809.706680885731
"used lorry, 40 metric ton",unit,463.47400056311369
used motor scooter,unit,32.07213937086015
used Ni-metal hydride battery,kg,0.52660889014940593
"used powertrain, from electric scooter",kg,1.1883261661902973E-2
"used printer, laser",kg,1.9343329266112728
"used purse seiner, steel",kg,9.3079282464803847E-2
"used purse seiner, wooden",kg,0.13560425479333882
used railway track,m*year,14.20666445769228
"used silencer steel, DN 125",unit,0.16384740641661275
"used silencer steel, DN 315",unit,0.42596701485097505
"used toner module, laser printer, black/white",kg,0
"used toner module, laser printer, colour",kg,0
"used train, passenger, high-speed",unit,128558.43352010603
"used train, passenger, long-distance",unit,51318.273666881825
"used trawler, steel",kg,3.6210472057363177E-2
"used triple glazing, U<0.5W/m2K",m2,4.313501428623141
used tyre,kg,0.70663904601725147
used ventilation control and wiring central unit,unit,3.5878289439913327
"used window frame, plastic",m2,38.001232257070157
"used window frame, wood-metal",m2,19.768189340778719
vegetable oil esterification facility,unit,2793823.0678760717
vegetable oil refinery,unit,8900597.9233183693
"vegetable oil, refined",kg,3.8109495175147514
"ventilation duct, connection piece, steel, 100x50 mm",unit,1.0983215210111272
"ventilation duct, elbow 90, steel, 100x50 mm",unit,1.7954671033520819
"ventilation of dwellings, central, 1 x 720 m3/h",m2*year,3.1817905841791045
"ventilation of dwellings, decentralized, 6 x 120 m3/h",m2*year,2.466266134607086
"ventilation system, central, 1 x 720 m3/h, polyethylene ducts, with earth tube heat exchanger",unit,6667.9321548078306
"ventilation system, central, 1 x 720 m3/h, steel ducts, with earth tube heat exchanger",unit,11054.53440639476
"ventilation system, decentralized, 6 x 120 m3/h, polyethylene ducts",unit,4430.7206450572721
"ventilation system, decentralized, 6 x 120 m3/h, polyethylene ducts, with earth tube heat exchanger",unit,6775.089008506443
"ventilation system, decentralized, 6 x 120 m3/h, steel ducts",unit,11706.242758846993
"ventilation system, decentralized, 6 x 120 m3/h, steel ducts, with earth tube heat exchanger",unit,11555.990951378531
vermiculite,kg,0.18309541321158798
"vinasse, from fermentation of sugar beet",kg,6.3157685853756408E-4
"vinasse, from fermentation of sugar beet molasses",kg,5.868814445105019E-4
"vinasse, from fermentation of sugarcane",kg,7.7370113216903202E-4
vinyl chloride,kg,1.5490255204561192
viscose fibre,kg,3.0424316051753051
"wafer, fabricated, for integrated circuit",m2,37828.259997311208
waste aluminium,kg,4.3618579332353136E-2
waste bitumen,kg,0.14567283896332034
waste brick,kg,1.2888099964013357E-2
"waste bulk iron, excluding reinforcement",kg,3.9906150577826054E-3
waste cement in concrete and mortar,kg,1.2051754283801586E-2
"waste cement, hydrated",kg,1.303480076409423E-2
"waste collection lorry, 21 metric ton",unit,48721.069879836621
waste concrete,kg,7.9045040498527327E-3
waste electric wiring,kg,1.2440259555172528
waste emulsion paint,kg,0.62994113064556156
waste expanded polystyrene,kg,3.6881952179209856
waste fibreboard,kg,0.20644451138116862
waste frit from cathode ray tube production,kg,0.39778914908741903
waste glass pane in burnable frame,kg,3.1877551846241997E-2
waste gypsum plasterboard,kg,1.1691513187065031E-2
waste mineral wool,kg,7.8125952816043894E-3
"waste mineral wool, for final disposal",kg,6.1609018232128701E-3
"waste natural gas, sweet",MJ,7.9018187599300557E-2
waste newspaper,kg,2.6711277410322071E-3
waste paint on metal,kg,0.33022192913018944
waste paint on wall,kg,0.81895104664247631
waste paper sorting facility,unit,7612850.4479721328
"waste paper, sorted",kg,6.1838841071187887E-2
"waste paper, unsorted",kg,2.8060544775479968E-2
"waste paperboard, sorted",kg,4.4975880560989979E-2
waste plaster-cardboard sandwich,kg,1.2516955835013032E-2
waste plastic plaster,kg,1.2530716372626729E-2
"waste plastic, consumer electronics",kg,2.7743326510874713
"waste plastic, industrial electronics",kg,2.4081639897553555
waste polyethylene,kg,1.0256879197437194
"waste polyethylene, for recycling, sorted",kg,0.29428903573152326
"waste polyethylene, for recycling, unsorted",kg,0.18102145655265173
waste polyethylene/polypropylene product,kg,2.1977074929904115
waste polypropylene,kg,1.1382798112460142
waste polyurethane,kg,1.3822736945722327
waste polyvinylchloride,kg,1.0357969569747778
waste preparation facility,unit,2060329.0115535962
waste refinery gas,MJ,6.548398463410357E-2
waste reinforced concrete,kg,1.4185821149046408E-2
waste reinforced plasterboard,kg,5.6861956907821316E-2
waste reinforcement steel,kg,5.8573969949128592E-2
"waste sealing sheet, polyethylene",kg,2.3513967972041905
"waste textile, soiled",kg,0.83734754709120873
"waste wood pole, chrome preserved",kg,2.0519631003944969E-2
"waste wood, post-consumer",kg,4.5907220043234611E-3
"waste wood, untreated",kg,9.2385296214787985E-2
wastewater from cathode ray tube production,m3,1.7534635160734713
wastewater from ceramic production,m3,0.26904143517861034
wastewater from hard fibreboard production,m3,0.48088233931987029
wastewater from liquid crystal display production,m3,10.137206184552419
wastewater from liquid crystal production,m3,255.84374491449199
wastewater from lorry production,m3,0.21834389375097141
wastewater from maize starch production,m3,8.0013675240779403
wastewater from medium density board production,m3,0.43109325737500404
wastewater from pig iron production,m3,0.27121755802456604
wastewater from potato starch production,m3,1.1073008763920997
wastewater from PV cell production,m3,2.5035447596046789
wastewater from soft fibreboard production,m3,1.2752443312221908
wastewater from wafer fabrication,m3,0.56201867752662316
"wastewater treatment facility, capacity 1.1E10l/year",unit,46047467.082439065
"wastewater, average",m3,0.41954676685762243
"wastewater, from residence",m3,0.59180359934095284
"wastewater, unpolluted, from residence",m3,0.29953586300694646
"water discharge from petroleum extraction, offshore",kg,0
"water discharge from petroleum/natural gas extraction, onshore",kg,0
water storage,unit,270916.79639956681
"water works, capacity 6.23E10l/year",unit,20722265.048618205
"water, decarbonised, at user",kg,8.649297435352013E-6
"water, deionised, from tap water, at user",kg,8.5014238539214313E-4
"wax, lost-wax casting",kg,0.59801711192090856
"welding, arc, steel",m,0.19948946543582743
"welding, gas, steel",m,0.19933372819573594
wheat grain,kg,0.73059141150766915
"wheat grain, feed",kg,0.75291671363385848
"wheat grain, feed, Swiss integrated production",kg,0.47055086384440764
"wheat grain, Swiss integrated production",kg,0.38622217202851228
"wheat seed, Swiss integrated production, for sowing",kg,0.64343479551005545
whey,kg,0.20314926528267113
"wind power plant, 2MW, offshore, moving parts",unit,692125.80261122913
"wind turbine network connection, 4.5MW, onshore",unit,421556.1999379273
"wind turbine network connection, 750kW, onshore",unit,11337.262266250744
"wind turbine, 2.3MW, onshore",unit,1456405.7521105234
"window frame, aluminium, U=1.6 W/m2K",m2,522.37180473477781
"window frame, poly vinyl chloride, U=1.6 W/m2K",m2,322.85803443150184
"wire drawing, copper",kg,0.7607470836101129
"wire drawing, steel",kg,0.2450569216799488
"wood ash mixture, pure",kg,1.6963853643741429E-2
"wood chipping, forwarder with terrain chipper, in forest",hour,97.005514246724687
"wood chipping, industrial residual wood, stationary electric chipper",kg,1.2483076764257044E-2
"wood chips and particles, willow",kg,7.7490056129519091E-2
"wood chips, from post-consumer wood, measured as dry mass",kg,2.7211026622984549E-2
"wood cladding, softwood",m2,6.1816081707978228
"wood preservation facility, hot/cold dipping tank",unit,359842.70969716168
"wood preservation facility, oscillating pressure method",unit,302827.58033353614
"wood preservation, dipping/immersion method, organic solvent-based, indoor use, occasionally wet",kg,1.7227576107246572
"wood preservation, dipping/immersion method, organic solvent-based, outdoor use, no ground contact",kg,2.5813036991409475
"wood preservation, dipping/immersion method, water-based, indoor use, dry",kg,0.30538288778940526
"wood preservation, dipping/immersion method, water-based, outdoor use, no ground contact",kg,1.5079397531445904
"wood preservation, hot/cold dipping, creosote, outdoor use, ground contact",kg,1.7653803726617818
"wood preservation, pressure vessel, creosote, outdoor use, ground contact",kg,1.5380226133655392
"wood preservation, spray tunnel/deluging, organic solvent-based, indoor use, occasionally wet",kg,2.2719712807470378
"wood preservation, spray tunnel/deluging, organic solvent-based, outdoor use, no ground contact",kg,3.5971295759586135
"wood preservation, spray tunnel/deluging, water-based, outdoor use, no ground contact",kg,2.153865515022972
"wood preservation, vaccum pressure method, inorganic salt, containing Cr, outdoor use, ground contact",kg,3.1856823131319461
"wood preservation, vacuum pressure method, organic salts, Cr-free, outdoor use, ground contact",kg,5.0015299308336489
"wood preservative, organic salt, Cr-free",kg,3.6440578578380594
"wood preservative, organic, indoor use, dry",kg,0.9574050575369778
"wood preservative, organic, indoor use, occasionally wet",kg,0.81418618525481512
"wood preservative, organic, outdoor use, no ground contact",kg,1.4613275856163159
"wood preservative, water-based, outdoor use, no ground contact",kg,1.6000728290245922
wood wool,kg,0.10082352258565695
"wood wool boards, cement bonded",m3,238.66185515510065
"wooden board factory, organic bonded boards",unit,69917235.595695436
xylene,kg,1.5386739529041493
"yarn, jute",kg,3.9876829889481606
"yogurt, from cow milk",kg,2.6743238563875162
"zeolite, slurry, without water, in 50% solution state",kg,2.5296988872213451
zinc,kg,4.1975081050607423
"zinc coat, pieces",m2,6.3251123910368516
"zinc coat, pieces, adjustment per micro-m",m2,7.0987166763939361E-2
zinc concentrate,kg,0.36746282953518628
zinc sulfide,kg,1.831443808455226
zucchini,kg,0.24555089528567139
